<?xml version="1.0" encoding="UTF-8" standalone="yes"?>
    <addon id="repository.LouKingGood" name="LouKingGood Repo" provider-name="LouKingGood" version="0.0.2">
    <extension name="LouKingGood Repo" point="xbmc.addon.repository">
        <info compressed="false">http://github.com/LouKingGood/LouKingGood/raw/master/addons.xml</info>
        <checksum>http://github.com/LouKingGood/LouKingGood/raw/master/addons.xml.md5</checksum>
        <datadir zip="true">http://github.com/LouKingGood/LouKingGood/raw/master/</datadir>
    </extension>
    <extension point="xbmc.addon.metadata">
        <summary>All The Cool Addons</summary>
        <description>Awesomeness Executed</description>
        <disclaimer>No warranty here</disclaimer>
        <language>en</language>
        <platform>all</platform>
    </extension>
</addon>