<?xml version="1.0" encoding="UTF-8"?>
    <addon id="repository.mathsgrinds" name="mathsgrinds" version="1.0.0" provider-name="mathsgrinds">
        <requires>
            <import addon="xbmc.addon" version="12.0.0"/>
        </requires>
        <extension point="xbmc.addon.repository" name="mathsgrinds">
            <info compressed="false">https://www.mathsgrinds.ie/_repo/addons.xml</info>
            <checksum>https://www.mathsgrinds.ie/_repo/addons.xml.md5</checksum>
            <datadir zip="true">https://www.mathsgrinds.ie/_repo/</datadir>
            <hashes>false</hashes>
        </extension>
        <extension point="xbmc.addon.metadata">
            <summary>mathsgrinds' Kodi Add-on Repository</summary>
            <description>mathsgrinds' Kodi Add-on Repository. Please visit https://github.com/mathsgrinds/ for assistance with this repository.</description>
            <platform>all</platform>
    </extension>
</addon>