<?xml version="1.0" encoding="UTF-8" standalone="yes"?>
<addon id="repository.malchustv" name="Malchus Tv Repository" version="1.0.0" provider-name="MALCHUS TV">
    <extension point="xbmc.addon.repository" name="Malchus Tv Repository">
        <info compressed="false">http://www.malchustv.pinoykodigroup.site/_repo/addons.xml</info>
        <checksum>http://www.malchustv.pinoykodigroup.site/_repo/addons.xml.md5</checksum>
        <datadir zip="true">http://www.malchustv.pinoykodigroup.site/_repo/</datadir>
    </extension>
    <extension point="xbmc.addon.metadata">
        <summary>Install all of MALCHUS TV ADD ONS</summary>
        <description>Download and Install Addons From MALCHUS TV..For Official Support Visit malchustvbuilds on facebook TWITTER@malchus tv</description>
        <platform>all</platform>
    </extension>
</addon>