<?xml version="1.0" encoding="UTF-8"?>
    <addon id="repository.LouKingGood.xbmc.addon" name="LouKingGood Repo" version="0.0.1" provider-name="LouKingGood">
        <requires>
            <import addon="xbmc.addon" version="12.0.0"/>
        </requires>
        <extension point="xbmc.addon.repository" name="LouKingGood Repo">
            <info compressed="false">https://raw.githubusercontent.com/LouKingGood/LouKingGood.xbmc/_repo/addons.xml</info>
            <checksum>https://raw.githubusercontent.com/LouKingGood/LouKingGood.xbmc/_repo/addons.xml.md5</checksum>
            <datadir zip="true">https://raw.githubusercontent.com/LouKingGood/LouKingGood.xbmc/_repo/</datadir>
            <hashes>false</hashes>
        </extension>
        <extension point="xbmc.addon.metadata">
            <summary>All The Cool Addons will be here</summary>
            <description>Awesomeness Executed!!!</description>
            <platform>all</platform>
    </extension>
</addon>