<?xml version="1.0" encoding="UTF-8" standalone="yes"?>
<addon id="repository.LouKingGood.xbmc.addons" name="LouKingGood Repo" version="0.0.1" provider-name="LouKingGood">
    <extension point="xbmc.addon.repository" name="LouKingGood Repo">
        <info compressed="false">http://github.com/LouKingGood/LouKingGood.xbmc/raw/master/_repo/addons.xml</info>
        <checksum>http://github.com/LouKingGood/LouKingGood.xbmc/raw/master/_repo/addons.xml.md5</checksum>
        <datadir zip="true">http://github.com/LouKingGood/LouKingGood.xbmc/raw/master/_repo/downloads</datadir>
    </extension>
    <extension point="xbmc.addon.metadata">
        <summary lang="en">All the cool addons</summary>
        <description lang="en">Awesomeness executed!!!</description>
        <disclaimer lang="en">No warranty here</disclaimer>
        <language>en</language>
        <platform>all</platform>
        <licence>GNU</licence>
    </extension>
</addon>