<?xml version="1.0" encoding="UTF-8" standalone="yes"?>
    <addon id="repository.LouKingGood.xbmc" name="LouKingGood Repo" version="0.1.0" provider-name="LouKingGood">
        <requires>
            <import addon="xbmc.addon" version="12.0.0"/>
        </requires>
        <extension point="xbmc.addon.repository" name="LouKingGood Repo">
            <info compressed="false">http://github.com/LouKingGood/LouKingGood.xbmc/raw/master/_repo/addons.xml</info>
            <checksum>http://github.com/LouKingGood/LouKingGood.xbmc/raw/master/_repo/addons.xml.md5</checksum>
            <datadir zip="true">http://github.com/LouKingGood/LouKingGood.xbmc/raw/master/_repo/</datadir>
            <hashes>false</hashes>
        </extension>
        <extension point="xbmc.addon.metadata">
            <summary>All The Cool Addons</summary>
            <description>Awesomeness Executed!!!</description>
            <platform>all</platform>
    </extension>
</addon>