<?xml version="1.0" encoding="UTF-8" standalone="yes"?>
    <addon id="repository.LouKingGood.xbmc" name="LouKingGood Repo" version="0.0.1" provider-name="LouKingGood">
        <extension point="xbmc.addon.repository" name="LouKingGood">
            <info compressed="false">http://github.com/LouKingGood/LouKingGood.xbmc/raw/master/_repo/addons.xml</info>
            <checksum>http://github.com/LouKingGood/LouKingGood.xbmc/raw/master/_repo/addons.xml.md5</checksum>
            <datadir zip="true">http://github.com/LouKingGood/LouKingGood.xbmc/raw/master/_repo/</datadir>
        </extension>
        <extension point="xbmc.addon.metadata">
            <summary lang="en">All The Cool Addons</summary>
            <description lang="en">Awesomeness Executed!!!</description>
            <disclaimer lang="en">No warranty here</disclaimer>
            <language>en</language>
            <platform>all</platform>
        </extension>
    </addon>