<?xml version="1.0" encoding="UTF-8"?>
    <addon id="repository.LouKingGood.WatchNow" name="Tfctv" version="0.0.56" provider-name="LouKingGood">
        <requires>
            <import addon="xbmc.addon" version="12.0.0"/>
        </requires>
        <extension point="xbmc.addon.repository" name="Tfctv">
            <info compressed="false">https://raw.githubusercontent.com/LouKingGood/WatchNow/_repo/addons.xml</info>
            <checksum>https://raw.githubusercontent.com/LouKingGood/WatchNow/_repo/addons.xml.md5</checksum>
            <datadir zip="true">https://raw.githubusercontent.com/LouKingGood/WatchNow/_repo/</datadir>
            <hashes>false</hashes>
        </extension>
        <extension point="xbmc.addon.metadata">
            <summary>Watch kapamilya channel</summary>
            <description>Mag Tfc pag may time</description>
            <platform>all</platform>
    </extension>
</addon>