<?xml version="1.0" encoding="UTF-8" standalone="yes"?>
<addon id="plugin.video.kapamilya" name="TFC" provider-name="LouKingGood" version="0.1.4">
    <requires>
        <import addon="xbmc.python" version="2.1.0" />
        <import addon="script.module.parsedom" version="0.9.1" />
    </requires>
    <extension library="default.py" point="xbmc.python.pluginsource">
        <provides>video</provides>
    </extension>
  <extension point="xbmc.addon.metadata">
    <platform>all</platform>
    <summary>Kapamilya Shows</summary>
    <description>Mag TFC Pag May Time</description>
  </extension>
</addon>
