<?xml version="1.0" encoding="UTF-8" standalone="yes"?>
<addon id="plugin.video.kapamilya" name="TFC" version="0.1.4" provider-name="LouKingGood">
    <requires>
        <import addon="xbmc.python" version="2.1.0"/>
        <import addon="script.module.parsedom" version="0.9.1"/>
    </requires>
    <extension point="xbmc.python.pluginsource" library="default.py">
        <provides>video</provides>
    </extension>
  <extension point="xbmc.addon.metadata">
    <platform>all</platform>
    <summary>Kapamilya Shows</summary>
    <description>TFC Pag May Time</description>
  </extension>
</addon>
